RegionName	QueryNucStart	QueryNucStop	QueryNuc	RegionNucStart	RegionNucStop	RegionAAStart	RegionAAStop	QueryAA
LTR5	1	207	AGTTCTTCAAAGACTGCTGACACCAAGCTTTGTACAAGGGACTTTCCGCTGGGGACTTTCCAGGGGAGGCGTGGACTGGGCGGGACTAGGGAGTGGCGAGCCCTCAGATGCTGCATATAAGCAGCTGCTTTCTGCCTGTACTGGGTCTCTCTGGTTAGACCAGATCAGAGCCTGGGAGCTCTCTGGCTAGCTAGGGAACCCACTGC	313	518			
LTR3	1	207	AGTTCTTCAAAGACTGCTGACACCAAGCTTTGTACAAGGGACTTTCCGCTGGGGACTTTCCAGGGGAGGCGTGGACTGGGCGGGACTAGGGAGTGGCGAGCCCTCAGATGCTGCATATAAGCAGCTGCTTTCTGCCTGTACTGGGTCTCTCTGGTTAGACCAGATCAGAGCCTGGGAGCTCTCTGGCTAGCTAGGGAACCCACTGC	9398	9603			
Pol	1	660	GAGAACTCAAGACTTCTGGGAAGTTCAATTAGGAATACCACATCCCGCAGGGTTAAAAAAGAAAAAATCAGTAACAGTACTGGATGTGGGTGATGCATATTTTTCAGTTCCCTTAGATGAAGACTTCAGGAAGTATACTGCATTTACCATACCTAGTATAAACAATGAGACACCAGGGATTAGATATCAGTACAATGTGCTTCCACAGGGATGGAAAGGATCACCAGCAATATTCCAAAGTAGCATGACAAAAATCTTAGAGCCTTTTAGAAAACAAAATCCAGACATAGTTATCTATCAATACATGGATGATTTGTATGTAGGATCTGACTTAGAAATAGGGCAGCATAGAACAAAAATAGAGGAGCTGAGACAACATCTGTTGAGGTGGGGACTTACCACACCAGACAAAAAACATCAGAAAGAACCTCCATTCCTTTGGATGGGTTATGAACTCCATCCTGATAAATGGACAGTACAGCCTATAGTGCTGCCAGAAAAAGACAGCTGGACTGTCAATGACATACAGAAGTTAGTGGGAAAATTGAATTGGGCAAGTCAGATTTACCCAGGGATTAAAGTAAGGCAATTATGTAAACTCCTTAGAGGAACCAAAGCACTAACAGAAGTAATACCACTAACAGAAGAAGCAGAGCTAG	711	1370	238	457	XRTQDFWEVQLGIPHPAGLKKKKSVTVLDVGDAYFSVPLDEDFRKYTAFTIPSINNETPGIRYQYNVLPQGWKGSPAIFQSSMTKILEPFRKQNPDIVIYQYMDDLYVGSDLEIGQHRTKIEELRQHLLRWGLTTPDKKHQKEPPFLWMGYELHPDKWTVQPIVLPEKDSWTVNDIQKLVGKLNWASQIYPGIKVRQLCKLLRGTKALTEVIPLTEEAELX
RT	1	660	GAGAACTCAAGACTTCTGGGAAGTTCAATTAGGAATACCACATCCCGCAGGGTTAAAAAAGAAAAAATCAGTAACAGTACTGGATGTGGGTGATGCATATTTTTCAGTTCCCTTAGATGAAGACTTCAGGAAGTATACTGCATTTACCATACCTAGTATAAACAATGAGACACCAGGGATTAGATATCAGTACAATGTGCTTCCACAGGGATGGAAAGGATCACCAGCAATATTCCAAAGTAGCATGACAAAAATCTTAGAGCCTTTTAGAAAACAAAATCCAGACATAGTTATCTATCAATACATGGATGATTTGTATGTAGGATCTGACTTAGAAATAGGGCAGCATAGAACAAAAATAGAGGAGCTGAGACAACATCTGTTGAGGTGGGGACTTACCACACCAGACAAAAAACATCAGAAAGAACCTCCATTCCTTTGGATGGGTTATGAACTCCATCCTGATAAATGGACAGTACAGCCTATAGTGCTGCCAGAAAAAGACAGCTGGACTGTCAATGACATACAGAAGTTAGTGGGAAAATTGAATTGGGCAAGTCAGATTTACCCAGGGATTAAAGTAAGGCAATTATGTAAACTCCTTAGAGGAACCAAAGCACTAACAGAAGTAATACCACTAACAGAAGAAGCAGAGCTAG	246	905	83	302	XRTQDFWEVQLGIPHPAGLKKKKSVTVLDVGDAYFSVPLDEDFRKYTAFTIPSINNETPGIRYQYNVLPQGWKGSPAIFQSSMTKILEPFRKQNPDIVIYQYMDDLYVGSDLEIGQHRTKIEELRQHLLRWGLTTPDKKHQKEPPFLWMGYELHPDKWTVQPIVLPEKDSWTVNDIQKLVGKLNWASQIYPGIKVRQLCKLLRGTKALTEVIPLTEEAELX
Pol	1	622	ATATATAGAAGCAGAAGTTATTCCAGCAGAAACAGGGCAGGAAACAGCATACTTTCTTTTAAAATTAGCAGGAAGATGGCCAGTAAAAACAATACATACAGACAATGGCAGCAATTTCACCAGTACTACGGTTAAGGCCGCCTGTTGGTGGGCGGGAATCAAGCAGGAATTTGGAATTCCCTACAATCCCCAAAGTCAAGGAGTAGTAGAATCTATGAATAAAGAATTAAAGAAAATTATAGGCCAGGTAAGAGATCAGGCTGAACATCTTAAGACAGCAGTACAAATGGCAGTATTCATCCACAATTTTAAAAGAAAAGGGGGGATTGGGGGGTACAGTGCAGGGGAAAGAATAGTAGACATAATAGCAACAGACATACAAACTAAAGAATTACAAAAACAAATTACAAAAATTCAAAATTTTCGGGTTTATTACAGGGACAGCAGAGATCCACTTTGGAAAGGACCAGCAAAGCTCCTCTGGAAAGGTGAAGGGGCAGTAGTAATACAAGATAATAGTGACATAAAAGTAGTGCCAAGAAGAAAAGCAAAGATCATTAGGGATTATGGAAAACAGATGGCAGGTGATGATTGTGTGGCAAGTAGACAGGATGAGGATTA	2391	3012	798	1004	XYIEAEVIPAETGQETAYFLLKLAGRWPVKTIHTDNGSNFTSTTVKAACWWAGIKQEFGIPYNPQSQGVVESMNKELKKIIGQVRDQAEHLKTAVQMAVFIHNFKRKGGIGGYSAGERIVDIIATDIQTKELQKQITKIQNFRVYYRDSRDPLWKGPAKLLWKGEGAVVIQDNSDIKVVPRRKAKIIRDYGKQMAGDDCVASRQDED*
Integrase	1	622	ATATATAGAAGCAGAAGTTATTCCAGCAGAAACAGGGCAGGAAACAGCATACTTTCTTTTAAAATTAGCAGGAAGATGGCCAGTAAAAACAATACATACAGACAATGGCAGCAATTTCACCAGTACTACGGTTAAGGCCGCCTGTTGGTGGGCGGGAATCAAGCAGGAATTTGGAATTCCCTACAATCCCCAAAGTCAAGGAGTAGTAGAATCTATGAATAAAGAATTAAAGAAAATTATAGGCCAGGTAAGAGATCAGGCTGAACATCTTAAGACAGCAGTACAAATGGCAGTATTCATCCACAATTTTAAAAGAAAAGGGGGGATTGGGGGGTACAGTGCAGGGGAAAGAATAGTAGACATAATAGCAACAGACATACAAACTAAAGAATTACAAAAACAAATTACAAAAATTCAAAATTTTCGGGTTTATTACAGGGACAGCAGAGATCCACTTTGGAAAGGACCAGCAAAGCTCCTCTGGAAAGGTGAAGGGGCAGTAGTAATACAAGATAATAGTGACATAAAAGTAGTGCCAAGAAGAAAAGCAAAGATCATTAGGGATTATGGAAAACAGATGGCAGGTGATGATTGTGTGGCAAGTAGACAGGATGAGGATTA	246	867	83	289	XYIEAEVIPAETGQETAYFLLKLAGRWPVKTIHTDNGSNFTSTTVKAACWWAGIKQEFGIPYNPQSQGVVESMNKELKKIIGQVRDQAEHLKTAVQMAVFIHNFKRKGGIGGYSAGERIVDIIATDIQTKELQKQITKIQNFRVYYRDSRDPLWKGPAKLLWKGEGAVVIQDNSDIKVVPRRKAKIIRDYGKQMAGDDCVASRQDED*
Vif	567	1020	ATGGAAAACAGATGGCAGGTGATGATTGTGTGGCAAGTAGACAGGATGAGGATTAGAACATGGAAAAGTTTAGTAAAACACCATATGTATGTTTCAGGGAAAGCTAGGGGATGGTTTTATAGACATCACTATGAAAGCCCTCATCCAAGAATAAGTTCAGAAGTACACATCCCACTAGGGGATGCTAGATTGGTAATAACAACATATTGGGGTCTGCATACAGGAGAAAGAGACTGGCATCTGGGTCAGGGAGTCTCCATAGAATGGAGGAAAAAGAGATATAGCACACAAGTAGACCCTGAACTAGCAGACCAACTAATTCATCTGTATTACTTTGACTGTTTTTCAGACTCTGCTATAAGAAAGGCCTTATTAGGACATATAGTTAGCCCTAGGTGTGAATATCAAGCAGGACATAACAAGGTAGGATCTCTACAATACTTGGCACTAGCA	1	454	1	152	MENRWQVMIVWQVDRMRIRTWKSLVKHHMYVSGKARGWFYRHHYESPHPRISSEVHIPLGDARLVITTYWGLHTGERDWHLGQGVSIEWRKKRYSTQVDPELADQLIHLYYFDCFSDSAIRKALLGHIVSPRCEYQAGHNKVGSLQYLALAX
gp160	1	972	TCAATGACGCTGACGGTACAGGCCAGACAATTATTGTCTGGTATAGTGCAGCAGCAGAACAATTTGCTGAGGGCTATTGAGGCGCAACAGCATCTGTTGCAACTCACAGTCTGGGGCATCAAGCAGCTCCAGGCAAGAATCCTGGCTGTGGAAAGATACCTAAAGGATCAACAGCTCCTGGGGATTTGGGGTTGCTCTGGAAAACTCATTTGCACCACTGCTGTGCCTTGGAATGCTAGTTGGAGTAATAAATCTCTGGAACAGATTTGGAATAACATGACCTGGATGGAGTGGGACAGAGAAATTAACAATTACACAAGCTTAATACATTCCTTAATTGAAGAATCGCAAAACCAGCAAGAAAAGAATGAACAAGAATTATTGGAATTAGATAAATGGGCAAGTTTGTGGAATTGGTTTAACATAACAAATTGGCTGTGGTATATAAAAATATTCATAATGATAGTAGGAGGCTTGGTAGGTTTAAGAATAGTTTTTGCTGTACTTTCTATAGTGAATAGAGTTAGGCAGGGATATTCACCATTATCGTTTCAGACCCACCTCCCAACCCCGAGGGGACCCGACAGGCCCGAAGGAATAGAAGAAGAAGGTGGAGAGAGAGACAGAGACAGATCCATTCGATTAGTGAACGGATCCTTAGCACTTATCTGGGACGATCTGCGGAGCCTGTGCCTCTTCAGCTACCACCGCTTGAGAGACTTACTCTTGATTGTAACGAGGATTGTGGAACTTCTGGGACGCAGGGGGTGGGAAGCCCTCAAATATTGGTGGAATCTCCTACAGTATTGGAGTCAGGAACTAAAGAATAGTGCTGTTAGCTTGCTCAATGCCACAGCCATAGCAGTAGCTGAGGGGACAGATAGGGTTATAGAAGTAGTACAAGGAGCTTGTAGAGCTATTCGCCACATACCTAGAAGAATAAGACAGGGCTTGGAAAGGATTTTGCTATA	1600	2571	534	857	SMTLTVQARQLLSGIVQQQNNLLRAIEAQQHLLQLTVWGIKQLQARILAVERYLKDQQLLGIWGCSGKLICTTAVPWNASWSNKSLEQIWNNMTWMEWDREINNYTSLIHSLIEESQNQQEKNEQELLELDKWASLWNWFNITNWLWYIKIFIMIVGGLVGLRIVFAVLSIVNRVRQGYSPLSFQTHLPTPRGPDRPEGIEEEGGERDRDRSIRLVNGSLALIWDDLRSLCLFSYHRLRDLLLIVTRIVELLGRRGWEALKYWWNLLQYWSQELKNSAVSLLNATAIAVAEGTDRVIEVVQGACRAIRHIPRRIRQGLERILL*
gp41	1	972	TCAATGACGCTGACGGTACAGGCCAGACAATTATTGTCTGGTATAGTGCAGCAGCAGAACAATTTGCTGAGGGCTATTGAGGCGCAACAGCATCTGTTGCAACTCACAGTCTGGGGCATCAAGCAGCTCCAGGCAAGAATCCTGGCTGTGGAAAGATACCTAAAGGATCAACAGCTCCTGGGGATTTGGGGTTGCTCTGGAAAACTCATTTGCACCACTGCTGTGCCTTGGAATGCTAGTTGGAGTAATAAATCTCTGGAACAGATTTGGAATAACATGACCTGGATGGAGTGGGACAGAGAAATTAACAATTACACAAGCTTAATACATTCCTTAATTGAAGAATCGCAAAACCAGCAAGAAAAGAATGAACAAGAATTATTGGAATTAGATAAATGGGCAAGTTTGTGGAATTGGTTTAACATAACAAATTGGCTGTGGTATATAAAAATATTCATAATGATAGTAGGAGGCTTGGTAGGTTTAAGAATAGTTTTTGCTGTACTTTCTATAGTGAATAGAGTTAGGCAGGGATATTCACCATTATCGTTTCAGACCCACCTCCCAACCCCGAGGGGACCCGACAGGCCCGAAGGAATAGAAGAAGAAGGTGGAGAGAGAGACAGAGACAGATCCATTCGATTAGTGAACGGATCCTTAGCACTTATCTGGGACGATCTGCGGAGCCTGTGCCTCTTCAGCTACCACCGCTTGAGAGACTTACTCTTGATTGTAACGAGGATTGTGGAACTTCTGGGACGCAGGGGGTGGGAAGCCCTCAAATATTGGTGGAATCTCCTACAGTATTGGAGTCAGGAACTAAAGAATAGTGCTGTTAGCTTGCTCAATGCCACAGCCATAGCAGTAGCTGAGGGGACAGATAGGGTTATAGAAGTAGTACAAGGAGCTTGTAGAGCTATTCGCCACATACCTAGAAGAATAAGACAGGGCTTGGAAAGGATTTTGCTATA	67	1038	23	346	SMTLTVQARQLLSGIVQQQNNLLRAIEAQQHLLQLTVWGIKQLQARILAVERYLKDQQLLGIWGCSGKLICTTAVPWNASWSNKSLEQIWNNMTWMEWDREINNYTSLIHSLIEESQNQQEKNEQELLELDKWASLWNWFNITNWLWYIKIFIMIVGGLVGLRIVFAVLSIVNRVRQGYSPLSFQTHLPTPRGPDRPEGIEEEGGERDRDRSIRLVNGSLALIWDDLRSLCLFSYHRLRDLLLIVTRIVELLGRRGWEALKYWWNLLQYWSQELKNSAVSLLNATAIAVAEGTDRVIEVVQGACRAIRHIPRRIRQGLERILL*
Tat2	556	646	ACCCACCTCCCAACCCCGAGGGGACCCGACAGGCCCGAAGGAATAGAAGAAGAAGGTGGAGAGAGAGACAGAGACAGATCCATTCGATTA	1	91216	1	3173	XPTSQPRGDPTGPKE*KKKVERETETDPFD*
Rev2	556	830	ACCCACCTCCCAACCCCGAGGGGACCCGACAGGCCCGAAGGAATAGAAGAAGAAGGTGGAGAGAGAGACAGAGACAGATCCATTCGATTAGTGAACGGATCCTTAGCACTTATCTGGGACGATCTGCGGAGCCTGTGCCTCTTCAGCTACCACCGCTTGAGAGACTTACTCTTGATTGTAACGAGGATTGTGGAACTTCTGGGACGCAGGGGGTGGGAAGCCCTCAAATATTGGTGGAATCTCCTACAGTATTGGAGTCAGGAACTAAAGAATA	1	27577	1	9226	XPPPNPEGTRQARRNRRRRWRERQRQIHSISERILSTYLGRSAEPVPLQLPPLERLTLDCNEDCGTSGTQGVGSPQILVESPTVLESGTKE*
Nef	974	1200	ATGGGTGGCAAGTGGTCAAAAAGTAGTGTGGTTGGATGGCCTACTGTAAGGGAAAGAATGAGACGAGCTGAGCCAGCAGCAGATGGGGTGGGAGCAGCATCTCGAGACCTGGAAAAACATGGAGCAATCACAAGTAGCAATACAGCAGCTACCAATGCTGCTTGTGCCTGGCTAGAAGCACAAGAGGAGGAGGAGGTGGGTTTTCCAGTCACACCTCAGGTACCTT	1	227	1	76	MGGKWSKSSVVGWPTVRERMRRAEPAADGVGAASRDLEKHGAITSSNTAATNAACAWLEAQEEEEVGFPVTPQVPX
Pol	1	960	CTGCGGACATAAAGCTATAGGTACAGTGTTAGTAGGACCTACACCTGTCAACATAATTGGAAGAAATCTGTTAACTCAGCTTGGCTGCACTTTAAATTTCCCCATTAGTCCTATTGAAACTGTACCAGTAAAATTAAAGCCAGGAATGGATGGCCCAAAAGTGAAACAATGGCCATTGACAGAAGAAAAAATAAAAGCATTGATAGAAATTTGCACAGAGATGGAAAAGGAAGGGAAAATCTCAAAAATTGGGCCTGAAAATCCATACAATACTCCAGTATTTGCTATAAAGAAAAAAGACAGTACTAAATGGAGAAAATTAGTAGATTTCAGGGAACTTAATAAAAGAACTCAAGACTTCTGGGAAGTTCAATTAGGAATACCACATCCTGCAGGGTTAAAAAAGAACAAATCAGTAACAGTACTGGATGTGGGTGATGCATATTTTTCAGTTCCCTTAGATGAAGATTTTAGAAAATATACTGCATTTACCATACCTAGTTTAAACAATGAGACACCAGGGATTAGATATCAGTACAATGTGCTTCCACAGGGATGGAAAGGATCACCAGCAATATTTCAATGTAGCATGACAAAGATCTTAGAGCCTTTTAGAAAACAAAATCCAGACATAGTTATCTATCAATACATGGATGATTTGTATGTAGGATCTGACTTAGAAATAGAGAAGCATAGAACAAAAATAGAGAAACTGAGACAACATTTGTTGAGGTGGGGATTTACCACACCAGACAAAAAACATCAGAAAGAGCCTCCATTCCTTTGGATGGGTTATGAACTCCATCCTGATAAATGGACAGTACAGCCTATAGTGCTGCCAGAAAAAGACAGCTGGACTGTCAATGATATACAGAAGTTAGTAGGAAAATTAAATTGGGCAAGTCAGATCTATCCAGGGATTAAAGTAAGACAATTATGTAAACTCCTTAGGGGAGCCA	366	1325	123	442	XCGHKAIGTVLVGPTPVNIIGRNLLTQLGCTLNFPISPIETVPVKLKPGMDGPKVKQWPLTEEKIKALIEICTEMEKEGKISKIGPENPYNTPVFAIKKKDSTKWRKLVDFRELNKRTQDFWEVQLGIPHPAGLKKNKSVTVLDVGDAYFSVPLDEDFRKYTAFTIPSLNNETPGIRYQYNVLPQGWKGSPAIFQCSMTKILEPFRKQNPDIVIYQYMDDLYVGSDLEIEKHRTKIEKLRQHLLRWGFTTPDKKHQKEPPFLWMGYELHPDKWTVQPIVLPEKDSWTVNDIQKLVGKLNWASQIYPGIKVRQLCKLLRGAX
Protease	1	100	CTGCGGACATAAAGCTATAGGTACAGTGTTAGTAGGACCTACACCTGTCAACATAATTGGAAGAAATCTGTTAACTCAGCTTGGCTGCACTTTAAATTT	198	297	67	99	XCGHKAIGTVLVGPTPVNIIGRNLLTQLGCTLNF
RT	101	960	CCCATTAGTCCTATTGAAACTGTACCAGTAAAATTAAAGCCAGGAATGGATGGCCCAAAAGTGAAACAATGGCCATTGACAGAAGAAAAAATAAAAGCATTGATAGAAATTTGCACAGAGATGGAAAAGGAAGGGAAAATCTCAAAAATTGGGCCTGAAAATCCATACAATACTCCAGTATTTGCTATAAAGAAAAAAGACAGTACTAAATGGAGAAAATTAGTAGATTTCAGGGAACTTAATAAAAGAACTCAAGACTTCTGGGAAGTTCAATTAGGAATACCACATCCTGCAGGGTTAAAAAAGAACAAATCAGTAACAGTACTGGATGTGGGTGATGCATATTTTTCAGTTCCCTTAGATGAAGATTTTAGAAAATATACTGCATTTACCATACCTAGTTTAAACAATGAGACACCAGGGATTAGATATCAGTACAATGTGCTTCCACAGGGATGGAAAGGATCACCAGCAATATTTCAATGTAGCATGACAAAGATCTTAGAGCCTTTTAGAAAACAAAATCCAGACATAGTTATCTATCAATACATGGATGATTTGTATGTAGGATCTGACTTAGAAATAGAGAAGCATAGAACAAAAATAGAGAAACTGAGACAACATTTGTTGAGGTGGGGATTTACCACACCAGACAAAAAACATCAGAAAGAGCCTCCATTCCTTTGGATGGGTTATGAACTCCATCCTGATAAATGGACAGTACAGCCTATAGTGCTGCCAGAAAAAGACAGCTGGACTGTCAATGATATACAGAAGTTAGTAGGAAAATTAAATTGGGCAAGTCAGATCTATCCAGGGATTAAAGTAAGACAATTATGTAAACTCCTTAGGGGAGCCA	1	860	1	287	PISPIETVPVKLKPGMDGPKVKQWPLTEEKIKALIEICTEMEKEGKISKIGPENPYNTPVFAIKKKDSTKWRKLVDFRELNKRTQDFWEVQLGIPHPAGLKKNKSVTVLDVGDAYFSVPLDEDFRKYTAFTIPSLNNETPGIRYQYNVLPQGWKGSPAIFQCSMTKILEPFRKQNPDIVIYQYMDDLYVGSDLEIEKHRTKIEKLRQHLLRWGFTTPDKKHQKEPPFLWMGYELHPDKWTVQPIVLPEKDSWTVNDIQKLVGKLNWASQIYPGIKVRQLCKLLRGAX
Pol	1	1147	CTCCCTAACTGACACAACAAATCAGAAAACTGAATTACAAGCCATCCATTTAGCTTTGCAGGATTCGGGGTTAGAAGTAAACATAGTAACAGACTCACAATATGCATTAGGAATCATTCAAGCACAACCAGATAAGAGTGAATCAGAATTAGTCAGTCAAATAATAGAGCAGTTAATAAACAAGGAAAAGGTCTACCTAGCATGGGTACCAGCACACAAAGGAATTGGAGGAAATGAACAAGTAGATAAATTAGTCAGTGCTGGAATCAGGAGAGTACTATTTTTGGATGGAATAGATAAGGCCCAAGAAGAACATGAAAAATACCACAGTAATTGGAGAGCAATGGCTAGTGATTTTAACCTACCACCTGTAGTTGCAAAAGAAATAGTAGCCAGCTGTGATAAATGTCAGCTAAAAGGAGAAGCCATGCATGGACAAGTAGACTGTAGTCCAGGAATATGGCAACTAGATTGTACACACTTAGAAGGGAAAATTATCATAGTAGCAGTTCATGTAGCTAGTGGATATATAGAAGCAGAAGTCATTCCAGCAGAGACAGGACAGGAAACAGCATACTTTCTCTTAAAGTTAGCAGGAAGATGGCCAGTAAAAACAATACATACAGATAATGGCAGCAATTTCACCAGTACTGCAGTAAAGGCTGCCTGYTGGTGGGCAGGGATCAAGCAGGAATTTGGCATTCCCTACAATCCCCAAAGTCAGGGAGTGRTAGAATCTATGAATAATGAATTAAAGAAAATTATAGGGCAGGTAAGAGATCAGGCTGAACTTCTTAAGACAGCAGTACAAATGGCAGTATTCATCCACAATTTTAAAAGAAAAGGGGGGATTGGGGGGTACAGTGCAGGAGAAAGGATAGTAGACATAATAGCAACAGACATACAAACTAGAGAATTACAAAAACAAATTACAAAAATTCAAAATTTTCGGGTTTATTACAGGGACAGCAGAGATCCACTTTGGAAAGGACCAGCAAAGCTCCTCTGGAAAGGTGAAGGGGCAGTAGTAATTCAAGATAATAGTGACATAAAAGTAGTGCCAAGAAGAAAAGCAAAGATCATTAGGGATTATGGAAAACAGATGGCAGGTGATGATTGTGTGGCAAGTAGACAGGATGAGGATTA	1866	3012	623	1004	XSLTDTTNQKTELQAIHLALQDSGLEVNIVTDSQYALGIIQAQPDKSESELVSQIIEQLINKEKVYLAWVPAHKGIGGNEQVDKLVSAGIRRVLFLDGIDKAQEEHEKYHSNWRAMASDFNLPPVVAKEIVASCDKCQLKGEAMHGQVDCSPGIWQLDCTHLEGKIIIVAVHVASGYIEAEVIPAETGQETAYFLLKLAGRWPVKTIHTDNGSNFTSTAVKAAXWWAGIKQEFGIPYNPQSQGVXESMNNELKKIIGQVRDQAELLKTAVQMAVFIHNFKRKGGIGGYSAGERIVDIIATDIQTRELQKQITKIQNFRVYYRDSRDPLWKGPAKLLWKGEGAVVIQDNSDIKVVPRRKAKIIRDYGKQMAGDDCVASRQDED*
RNase	1	280	CTCCCTAACTGACACAACAAATCAGAAAACTGAATTACAAGCCATCCATTTAGCTTTGCAGGATTCGGGGTTAGAAGTAAACATAGTAACAGACTCACAATATGCATTAGGAATCATTCAAGCACAACCAGATAAGAGTGAATCAGAATTAGTCAGTCAAATAATAGAGCAGTTAATAAACAAGGAAAAGGTCTACCTAGCATGGGTACCAGCACACAAAGGAATTGGAGGAAATGAACAAGTAGATAAATTAGTCAGTGCTGGAATCAGGAGAGTACT	81	360	28	120	XSLTDTTNQKTELQAIHLALQDSGLEVNIVTDSQYALGIIQAQPDKSESELVSQIIEQLINKEKVYLAWVPAHKGIGGNEQVDKLVSAGIRRVL
Integrase	281	1147	TTTTTGGATGGAATAGATAAGGCCCAAGAAGAACATGAAAAATACCACAGTAATTGGAGAGCAATGGCTAGTGATTTTAACCTACCACCTGTAGTTGCAAAAGAAATAGTAGCCAGCTGTGATAAATGTCAGCTAAAAGGAGAAGCCATGCATGGACAAGTAGACTGTAGTCCAGGAATATGGCAACTAGATTGTACACACTTAGAAGGGAAAATTATCATAGTAGCAGTTCATGTAGCTAGTGGATATATAGAAGCAGAAGTCATTCCAGCAGAGACAGGACAGGAAACAGCATACTTTCTCTTAAAGTTAGCAGGAAGATGGCCAGTAAAAACAATACATACAGATAATGGCAGCAATTTCACCAGTACTGCAGTAAAGGCTGCCTGYTGGTGGGCAGGGATCAAGCAGGAATTTGGCATTCCCTACAATCCCCAAAGTCAGGGAGTGRTAGAATCTATGAATAATGAATTAAAGAAAATTATAGGGCAGGTAAGAGATCAGGCTGAACTTCTTAAGACAGCAGTACAAATGGCAGTATTCATCCACAATTTTAAAAGAAAAGGGGGGATTGGGGGGTACAGTGCAGGAGAAAGGATAGTAGACATAATAGCAACAGACATACAAACTAGAGAATTACAAAAACAAATTACAAAAATTCAAAATTTTCGGGTTTATTACAGGGACAGCAGAGATCCACTTTGGAAAGGACCAGCAAAGCTCCTCTGGAAAGGTGAAGGGGCAGTAGTAATTCAAGATAATAGTGACATAAAAGTAGTGCCAAGAAGAAAAGCAAAGATCATTAGGGATTATGGAAAACAGATGGCAGGTGATGATTGTGTGGCAAGTAGACAGGATGAGGATTA	1	867	1	289	FLDGIDKAQEEHEKYHSNWRAMASDFNLPPVVAKEIVASCDKCQLKGEAMHGQVDCSPGIWQLDCTHLEGKIIIVAVHVASGYIEAEVIPAETGQETAYFLLKLAGRWPVKTIHTDNGSNFTSTAVKAAXWWAGIKQEFGIPYNPQSQGVXESMNNELKKIIGQVRDQAELLKTAVQMAVFIHNFKRKGGIGGYSAGERIVDIIATDIQTRELQKQITKIQNFRVYYRDSRDPLWKGPAKLLWKGEGAVVIQDNSDIKVVPRRKAKIIRDYGKQMAGDDCVASRQDED*
Vif	1092	1673	ATGGAAAACAGATGGCAGGTGATGATTGTGTGGCAAGTAGACAGGATGAGGATTAACATATGGAAAAGTTTAGTAAAACACCATATACATATCTCAAGGAAAGCTAAGAGATGGATGTATAAACATCACTATGAAAGCACTAATCCAAGAATAAGCTCAGAAGTACACATCCCACTAGGGGAAGCTGAATTGGTAATAACAACATATTGGGGTCTACATACAGGAGAAAGAGACTGGCAGTTGGGTCACGGAGTCTCCATAGAATGGAGAAAACAGAGATATAACACACAAGTAGACCCTGACCTAGCAGACCAACTAATTCATCTGTATTATTTTGATTGTTTTTCAGAATCTGCTATAAGAAATGCCTTATTAGGACATAGAGTTAGTCCTAGGTGTGAATATCAAGCAGGACATAGAAAGGTAGGATCCCTACAATACTTGGCATTAACAGCACTAATAACACCAACTAAAAAGAGAAAGCCACCTTTGCCTAGTGTTGCGAAACTGACAGAGGATAGATGGAACAAGCCCCAGAAGACCAAGGGCCACAGAGGGAGCCATACAATGAATGGACACTA	1	579	1	193	MENRWQVMIVWQVDRMRINIWKSLVKHHIHISRKAKRWMYKHHYESTNPRISSEVHIPLGEAELVITTYWGLHTGERDWQLGHGVSIEWRKQRYNTQVDPDLADQLIHLYYFDCFSESAIRNALLGHRVSPRCEYQAGHRKVGSLQYLALTALITPTKKRKPPLPSVAKLTEDRWNKPQKTKGHRGSHTMNGH*
Vpr	1613	1903	ATGGAACAAGCCCCAGAAGACCAAGGGCCACAGAGGGAGCCATACAATGAATGGACACTAGAGCTTTTAGAGGAGCTTAAGAGTGAAGCCATGAGACATTTTCCTAGGCCGTGGCTTTATGGCTTAGGACAACATATCTATGAAACTTATGGGGATACTTGGGCAGGAGTGGAAGCCATAATAAGAACCCTGCAACAACTGCTGTTTATTCATTTCAGAATTGGGTGTCGACATAGCAGAATAGGAATCATTCAACAGAGGAGAGCAAGAAATGGAGCCGGTAGATCCTA	1	292	1	98	MEQAPEDQGPQREPYNEWTLELLEELKSEAMRHFPRPWLYGLGQHIYETYGDTWAGVEAIIRTLQQLLFIHFRIGCRHSRIGIIQQRRARNGAGRS*
Tat1	1884	2098	ATGGAGCCGGTAGATCCTAAATTAGAGCCCTGGAAGCATCCAGGAAGTCGGCCTAGAACTGCTTGTAATAACTGCTATTGTAAAAAATGTTGCTTTCATTGCCAAGTTTGTTTCACAAAAAAGGGCTTAGGCATCTCCTATGGCAGGAAGAAGCGGAGACCGCGACGAAGAACTCCTCAAGACAGTGAGACTCATCAAGATTCTCTATCAAAGC	1	215	1	72	MEPVDPKLEPWKHPGSRPRTACNNCYCKKCCFHCQVCFTKKGLGISYGRKKRRPRRRTPQDSETHQDSLSKX
Rev1	2023	2098	ATGGCAGGAAGAAGCGGAGACCGCGACGAAGAACTCCTCAAGACAGTGAGACTCATCAAGATTCTCTATCAAAGC	1	76	1	26	MAGRSGDRDEELLKTVRLIKILYQSX
Vpu	2115	2369	ATGCCATCTTTACAAGTATTAACAATATTAGCAATAGTAGCATTAGTAGTAGCAGCAATATTAGCAATAGTTGTGTGGACCATAGTACTCATAGAATATAGGAAAATATTAAAACAAAGAAAAATAGACAGGTTAATTGATAGAATAAGTGAAAGAGCAGAAGACAGTGGCAATGAAAGTGAAGGGGACCAGGAAGAATTATCAGCACTTATGGAGATGGGGTATCATGCTCCTTGGGATGTTAATGATATGTA	1	249	1	83	MPSLQVLTILAIVALVVAAILAIVVWTIVLIEYRKILKQRKIDRLIDRISERAEDSGNESEGDQEELSALMEMGYHAPWDVNDM*
gp160	2287	3120	ATGAAAGTGAAGGGGACCAGGAAGAATTATCAGCACTTATGGAGATGGGGTATCATGCTCCTTGGGATGTTAATGATATGTAGTGCTGCAGAACAATTGTGGGTTACAGTCTATTATGGGGTACCTGTGTGGAAAGAAGCAACCACCACTTTATTTTGTGCATCAGATGCTAAAGCATATGACACAGAGGCACATAATGTATGGGCCACACATGCCTGTGTACCCACAGACCCCAACCCACAAGAAGTAAAGTTGGAAAATGTGACAGAAGATTTTAACATATGGGAAAATAACATGGTAGAACAGATGCATGAAGATGTAATCAGTTTATGGGATGAAAGCTTAAAGCCATGTGTAAAATTAACCCCACTCTGTGTTACTTTAGACTGCACTGATGTTGGGAATACTACTAATACCAATGGTAGTGATACCAATAATATTGATAAGACAAGAATGGAAAAAGGAGAAATAAAAAACTGCTCTTTCAATATCACCACAACAATAAGAGATAAGGCGCGGAGAGAAAGCGCACTTTTTTATAGACTTGATGTAGTACCAATAGATGGTAATGATAATACTAGTAGTAATGCTAGTGCCAGTTATAGGTTAATAAATTGTAACACCACAGTCATTACACAGGCCTGTCCAAAGATATCCTTTGAGCCAATTCCCATACACTATTGTACCCCGGCTGGTTTTGCGCTTCTAAAGTGTAATGATAAAGGGTTCAGTGGAAAAGGAAAATGTACTAATGTCAGCACAGTACAATGTACACATGGAATTAGGCCAGTAGTATCAACTCACCTGCTGTTAAATGGCAGTCTAGCAGAAAA	1	804	1	268	MKVKGTRKNYQHLWRWGIMLLGMLMICSAAEQLWVTVYYGVPVWKEATTTLFCASDAKAYDTEAHNVWATHACVPTDPNPQEVKLENVTEDFNIWENNMVEQMHEDVISLWDESLKPCVKLTPLCVTLDCTDVGNTTNTNGSDTNNIDKTRMEKGEIKNCSFNITTTIRDKARRESALFYRLDVVPIDGNDNTSSNASASYRLINCNTTVITQACPKISFEPIPIHYCTPAGFALLKCNDKGFSGKGKCTNVSTVQCTHGIRPVVSTHLLLNGSLAEK
gp120	2287	3120	ATGAAAGTGAAGGGGACCAGGAAGAATTATCAGCACTTATGGAGATGGGGTATCATGCTCCTTGGGATGTTAATGATATGTAGTGCTGCAGAACAATTGTGGGTTACAGTCTATTATGGGGTACCTGTGTGGAAAGAAGCAACCACCACTTTATTTTGTGCATCAGATGCTAAAGCATATGACACAGAGGCACATAATGTATGGGCCACACATGCCTGTGTACCCACAGACCCCAACCCACAAGAAGTAAAGTTGGAAAATGTGACAGAAGATTTTAACATATGGGAAAATAACATGGTAGAACAGATGCATGAAGATGTAATCAGTTTATGGGATGAAAGCTTAAAGCCATGTGTAAAATTAACCCCACTCTGTGTTACTTTAGACTGCACTGATGTTGGGAATACTACTAATACCAATGGTAGTGATACCAATAATATTGATAAGACAAGAATGGAAAAAGGAGAAATAAAAAACTGCTCTTTCAATATCACCACAACAATAAGAGATAAGGCGCGGAGAGAAAGCGCACTTTTTTATAGACTTGATGTAGTACCAATAGATGGTAATGATAATACTAGTAGTAATGCTAGTGCCAGTTATAGGTTAATAAATTGTAACACCACAGTCATTACACAGGCCTGTCCAAAGATATCCTTTGAGCCAATTCCCATACACTATTGTACCCCGGCTGGTTTTGCGCTTCTAAAGTGTAATGATAAAGGGTTCAGTGGAAAAGGAAAATGTACTAATGTCAGCACAGTACAATGTACACATGGAATTAGGCCAGTAGTATCAACTCACCTGCTGTTAAATGGCAGTCTAGCAGAAAA	1	804	1	268	MKVKGTRKNYQHLWRWGIMLLGMLMICSAAEQLWVTVYYGVPVWKEATTTLFCASDAKAYDTEAHNVWATHACVPTDPNPQEVKLENVTEDFNIWENNMVEQMHEDVISLWDESLKPCVKLTPLCVTLDCTDVGNTTNTNGSDTNNIDKTRMEKGEIKNCSFNITTTIRDKARRESALFYRLDVVPIDGNDNTSSNASASYRLINCNTTVITQACPKISFEPIPIHYCTPAGFALLKCNDKGFSGKGKCTNVSTVQCTHGIRPVVSTHLLLNGSLAEK
Pol	1	2755	TACAGTATTAGAAGAAATAAATTTGCCAGGAAGATGGAAACCAAAAATGATAGGGGGAATTGGAGGTTTTATCAAAGTAAGACAGTATGATCAAATACTCGTAGAAATCTGTGGACATAAAGCTATAGGTACAGTATTAGTAGGACCTACACCTGTCAACATAATTGGAAGAAATCTGTTGACTCAGATTGGTTGCACTTTAAATTTTCCCATTAGTCCTATTGAAACTGTACCAGTAAAATTAAAGCCAGGAATGGATGGCCCAAAAGTTAAACAATGGCCATTGACAGAAGAAAAAATAAAAGCATTAGTAGAAATCTGTACAGAAATGGAAAAGGAAGGGAAAATTTCAAAAATTGGGCCTGAAAATCCATATAATACTCCAGTATTTGCCATAAAGAAAAAAGACAGTACTAAATGGAGAAAATTAGTAGATTTCAGAGAACTTAATAAGAAAACTCAAGACTTCTGGGAAGTTCAATTAGGAATACCACATCCCGCAGGGTTAAAAAAGAAAAAATCAGTAACAGTACTGGATGTGGGTGATGCATATTTTTCAGTTCCCTTAGATAAAGAATTCAGGAAGTACACTGCATTTACCATACCTAGTATAAACAATGAGACACCAGGGATTAGATATCAGTACAATGTGCTTCCACAGGGATGGAAAGGATCACCAGCAATATTCCAAAGCAGCATGACAAAAATCTTGGAGCCTTTTAGAAAACAAAATCCAGACATAGTTATCTATCAATACATGGATGATTTGTATGTAGGATCTGACTTAGAAATAGGGCAGCATAGAACAAAAATAGAGGAACTGAGACAACATCTGTTGAAGTGGGGATTTACCACACCAGACAAAAAACATCAGAAAGAACCTCCATTCCTTTGGATGGGTTATGAACTCCATCCTGATAAATGGACAGTACAGCCTATAGTGCTGCCAGAAAAGGACAGCTGGACTGTCAATGACATACAGAAGTTAGTGGGAAAATTGAATTGGGCAAGTCAGATTTACCCAGGGATTAAAGTAAAGCAATTATGTAGACTCCTTAGGGGAACCAAGGCACTAACAGAAGTAATACCACTAACAAAAGAAGCAGAGCTAGAACTGGCAGAAAACAGGGAAATTCTAAAAGAACCAGTACATGGAGTGTATTATGACCCATCAAAAGACTTAATAGCGGAAATACAGAAGCAGGGGCAAGGTCAATGGACATATCAAATTTATCAAGAGCCATTTAAAAATCTGAAAACAGGAAAATATGCAAGAATGAGGGGTGCCCACACTAATGATGTAAAACAATTAACAGAGGCAGTGCAAAAAATAACCACAGAAAGCATAGTAATATGGGGAAAGACTCCTAAATTTAAACTACCCATACAAAAAGAAACATGGGAAACATGGTGGACAGAGTATTGGCAAGCCACCTGGATTCCTGAGTGGGAGTTTGTCAATACCCCTCCCTTAGTAAAATTATGGTACCAGTTAGAGCAAGAACCCATAACAGGAGTAGAAACTTTCTATGTAGATGGGGCAGCTAACAGGGAGACTAAATTAGGAAAAGCAGGATATGTTACTAACAAAGGGAGACAAAAAGTTGTCTCCATAACTGACACAACAAATCAGAAGACTGAGTTACAAGCAATTCTTCTAGCTTTACAGGATTCGGGATTAGAAGTAAACATAGTAACAGACTCACAATATGCATTAGGAATCATTCAAGCACAACCAGATAAAAGTGAATCAGAGATAGTCAGTCAAATAATAGAGCAGTTAATAAAAAAGGAAAAGGTCTACCTGGCATGGGTACCAGCGCACAAAGGAATTGGAGGAAATGAACAAGTAGATAAATTAGTCAGTACTGGAATCAGGAAAGTGCTATTTTTAGATGGAATAGATAAAGCCCAAGAAGAACATGAAAAATATCACAGTAATTGGAGGGCAATGGCTAGTGATTTTAACCTGCCACCTGTGGTAGCAAAAGAGATAGTAGCCAGCTGTGATAAATGTCAGCTAAAAGGAGAAGCCATGCATGGACAAGTAGACTGTAGTCCAGGAATATGGCAACTAGATTGTACACATTTAGAAGGAAAAGTTATCCTGGTAGCAATTCATGTAGCCAGTGGATATATAGAAGCAGAAGTTATTCCAGCAGAGACAGGGCAGGAAACAGCATACTTTCTCTTAAAATTAGCAGGAAGATGGCCAGTAAAAACAATACATACAGACAATGGCAGCAATTTCACCAGTACTACGGTTAAGGCCGCCTGTTGGTGGGCGGGAATCAAGCAGGAATTTGGCATTCCCTACAATCCCCAAAGTCAAGGAGTAGTAGAATCTATAAATAAAGAATTAAAGAAAATTATAGGACAGATAAGAGATCAGGCTGAACATCTTAAGACAGCAGTACAAATGGCAGTATTCATCCACAATTTTAAAAGAAAAGGGGGGATTGGGGGGTACAGTGCAGGGGAAAGAATAGTAGACATAATAGCAACAGACATACAAACTAAAGAACTACAAAAACAAATTACAAAAATTCAAAATTTTCGGGTTTATTACAGGGACAGCAGAGATCCACTTTGGAAAGGACCAGCAAAGCTTCTCTGGAAAGGTGAAGGGGCAGTAGTAATACAAGATAATAGTGAAATAAAAGTAGTACCAAGAAGAAAAGCAAAGATCATTAGGGATTATGGAAAACAGATGGCAGGTGATGATTGTGTGGCAAGTAGACAGGATGAGGATTA	258	3012	87	1004	XTVLEEINLPGRWKPKMIGGIGGFIKVRQYDQILVEICGHKAIGTVLVGPTPVNIIGRNLLTQIGCTLNFPISPIETVPVKLKPGMDGPKVKQWPLTEEKIKALVEICTEMEKEGKISKIGPENPYNTPVFAIKKKDSTKWRKLVDFRELNKKTQDFWEVQLGIPHPAGLKKKKSVTVLDVGDAYFSVPLDKEFRKYTAFTIPSINNETPGIRYQYNVLPQGWKGSPAIFQSSMTKILEPFRKQNPDIVIYQYMDDLYVGSDLEIGQHRTKIEELRQHLLKWGFTTPDKKHQKEPPFLWMGYELHPDKWTVQPIVLPEKDSWTVNDIQKLVGKLNWASQIYPGIKVKQLCRLLRGTKALTEVIPLTKEAELELAENREILKEPVHGVYYDPSKDLIAEIQKQGQGQWTYQIYQEPFKNLKTGKYARMRGAHTNDVKQLTEAVQKITTESIVIWGKTPKFKLPIQKETWETWWTEYWQATWIPEWEFVNTPPLVKLWYQLEQEPITGVETFYVDGAANRETKLGKAGYVTNKGRQKVVSITDTTNQKTELQAILLALQDSGLEVNIVTDSQYALGIIQAQPDKSESEIVSQIIEQLIKKEKVYLAWVPAHKGIGGNEQVDKLVSTGIRKVLFLDGIDKAQEEHEKYHSNWRAMASDFNLPPVVAKEIVASCDKCQLKGEAMHGQVDCSPGIWQLDCTHLEGKVILVAIHVASGYIEAEVIPAETGQETAYFLLKLAGRWPVKTIHTDNGSNFTSTTVKAACWWAGIKQEFGIPYNPQSQGVVESINKELKKIIGQIRDQAEHLKTAVQMAVFIHNFKRKGGIGGYSAGERIVDIIATDIQTKELQKQITKIQNFRVYYRDSRDPLWKGPAKLLWKGEGAVVIQDNSEIKVVPRRKAKIIRDYGKQMAGDDCVASRQDED*
Protease	1	208	TACAGTATTAGAAGAAATAAATTTGCCAGGAAGATGGAAACCAAAAATGATAGGGGGAATTGGAGGTTTTATCAAAGTAAGACAGTATGATCAAATACTCGTAGAAATCTGTGGACATAAAGCTATAGGTACAGTATTAGTAGGACCTACACCTGTCAACATAATTGGAAGAAATCTGTTGACTCAGATTGGTTGCACTTTAAATTT	90	297	31	99	XTVLEEINLPGRWKPKMIGGIGGFIKVRQYDQILVEICGHKAIGTVLVGPTPVNIIGRNLLTQIGCTLNF
RT	209	1528	CCCATTAGTCCTATTGAAACTGTACCAGTAAAATTAAAGCCAGGAATGGATGGCCCAAAAGTTAAACAATGGCCATTGACAGAAGAAAAAATAAAAGCATTAGTAGAAATCTGTACAGAAATGGAAAAGGAAGGGAAAATTTCAAAAATTGGGCCTGAAAATCCATATAATACTCCAGTATTTGCCATAAAGAAAAAAGACAGTACTAAATGGAGAAAATTAGTAGATTTCAGAGAACTTAATAAGAAAACTCAAGACTTCTGGGAAGTTCAATTAGGAATACCACATCCCGCAGGGTTAAAAAAGAAAAAATCAGTAACAGTACTGGATGTGGGTGATGCATATTTTTCAGTTCCCTTAGATAAAGAATTCAGGAAGTACACTGCATTTACCATACCTAGTATAAACAATGAGACACCAGGGATTAGATATCAGTACAATGTGCTTCCACAGGGATGGAAAGGATCACCAGCAATATTCCAAAGCAGCATGACAAAAATCTTGGAGCCTTTTAGAAAACAAAATCCAGACATAGTTATCTATCAATACATGGATGATTTGTATGTAGGATCTGACTTAGAAATAGGGCAGCATAGAACAAAAATAGAGGAACTGAGACAACATCTGTTGAAGTGGGGATTTACCACACCAGACAAAAAACATCAGAAAGAACCTCCATTCCTTTGGATGGGTTATGAACTCCATCCTGATAAATGGACAGTACAGCCTATAGTGCTGCCAGAAAAGGACAGCTGGACTGTCAATGACATACAGAAGTTAGTGGGAAAATTGAATTGGGCAAGTCAGATTTACCCAGGGATTAAAGTAAAGCAATTATGTAGACTCCTTAGGGGAACCAAGGCACTAACAGAAGTAATACCACTAACAAAAGAAGCAGAGCTAGAACTGGCAGAAAACAGGGAAATTCTAAAAGAACCAGTACATGGAGTGTATTATGACCCATCAAAAGACTTAATAGCGGAAATACAGAAGCAGGGGCAAGGTCAATGGACATATCAAATTTATCAAGAGCCATTTAAAAATCTGAAAACAGGAAAATATGCAAGAATGAGGGGTGCCCACACTAATGATGTAAAACAATTAACAGAGGCAGTGCAAAAAATAACCACAGAAAGCATAGTAATATGGGGAAAGACTCCTAAATTTAAACTACCCATACAAAAAGAAACATGGGAAACATGGTGGACAGAGTATTGGCAAGCCACCTGGATTCCTGAGTGGGAGTTTGTCAATACCCCTCCCTTAGTAAAATTATGGTACCAGTTAGAGCAAGAACCCATAACAGGAGTAGAAACTTT	1	1320	1	440	PISPIETVPVKLKPGMDGPKVKQWPLTEEKIKALVEICTEMEKEGKISKIGPENPYNTPVFAIKKKDSTKWRKLVDFRELNKKTQDFWEVQLGIPHPAGLKKKKSVTVLDVGDAYFSVPLDKEFRKYTAFTIPSINNETPGIRYQYNVLPQGWKGSPAIFQSSMTKILEPFRKQNPDIVIYQYMDDLYVGSDLEIGQHRTKIEELRQHLLKWGFTTPDKKHQKEPPFLWMGYELHPDKWTVQPIVLPEKDSWTVNDIQKLVGKLNWASQIYPGIKVKQLCRLLRGTKALTEVIPLTKEAELELAENREILKEPVHGVYYDPSKDLIAEIQKQGQGQWTYQIYQEPFKNLKTGKYARMRGAHTNDVKQLTEAVQKITTESIVIWGKTPKFKLPIQKETWETWWTEYWQATWIPEWEFVNTPPLVKLWYQLEQEPITGVETF
RNase	1529	1888	TATGTAGATGGGGCAGCTAACAGGGAGACTAAATTAGGAAAAGCAGGATATGTTACTAACAAAGGGAGACAAAAAGTTGTCTCCATAACTGACACAACAAATCAGAAGACTGAGTTACAAGCAATTCTTCTAGCTTTACAGGATTCGGGATTAGAAGTAAACATAGTAACAGACTCACAATATGCATTAGGAATCATTCAAGCACAACCAGATAAAAGTGAATCAGAGATAGTCAGTCAAATAATAGAGCAGTTAATAAAAAAGGAAAAGGTCTACCTGGCATGGGTACCAGCGCACAAAGGAATTGGAGGAAATGAACAAGTAGATAAATTAGTCAGTACTGGAATCAGGAAAGTGCT	1	360	1	120	YVDGAANRETKLGKAGYVTNKGRQKVVSITDTTNQKTELQAILLALQDSGLEVNIVTDSQYALGIIQAQPDKSESEIVSQIIEQLIKKEKVYLAWVPAHKGIGGNEQVDKLVSTGIRKVL
Integrase	1889	2755	TTTTTAGATGGAATAGATAAAGCCCAAGAAGAACATGAAAAATATCACAGTAATTGGAGGGCAATGGCTAGTGATTTTAACCTGCCACCTGTGGTAGCAAAAGAGATAGTAGCCAGCTGTGATAAATGTCAGCTAAAAGGAGAAGCCATGCATGGACAAGTAGACTGTAGTCCAGGAATATGGCAACTAGATTGTACACATTTAGAAGGAAAAGTTATCCTGGTAGCAATTCATGTAGCCAGTGGATATATAGAAGCAGAAGTTATTCCAGCAGAGACAGGGCAGGAAACAGCATACTTTCTCTTAAAATTAGCAGGAAGATGGCCAGTAAAAACAATACATACAGACAATGGCAGCAATTTCACCAGTACTACGGTTAAGGCCGCCTGTTGGTGGGCGGGAATCAAGCAGGAATTTGGCATTCCCTACAATCCCCAAAGTCAAGGAGTAGTAGAATCTATAAATAAAGAATTAAAGAAAATTATAGGACAGATAAGAGATCAGGCTGAACATCTTAAGACAGCAGTACAAATGGCAGTATTCATCCACAATTTTAAAAGAAAAGGGGGGATTGGGGGGTACAGTGCAGGGGAAAGAATAGTAGACATAATAGCAACAGACATACAAACTAAAGAACTACAAAAACAAATTACAAAAATTCAAAATTTTCGGGTTTATTACAGGGACAGCAGAGATCCACTTTGGAAAGGACCAGCAAAGCTTCTCTGGAAAGGTGAAGGGGCAGTAGTAATACAAGATAATAGTGAAATAAAAGTAGTACCAAGAAGAAAAGCAAAGATCATTAGGGATTATGGAAAACAGATGGCAGGTGATGATTGTGTGGCAAGTAGACAGGATGAGGATTA	1	867	1	289	FLDGIDKAQEEHEKYHSNWRAMASDFNLPPVVAKEIVASCDKCQLKGEAMHGQVDCSPGIWQLDCTHLEGKVILVAIHVASGYIEAEVIPAETGQETAYFLLKLAGRWPVKTIHTDNGSNFTSTTVKAACWWAGIKQEFGIPYNPQSQGVVESINKELKKIIGQIRDQAEHLKTAVQMAVFIHNFKRKGGIGGYSAGERIVDIIATDIQTKELQKQITKIQNFRVYYRDSRDPLWKGPAKLLWKGEGAVVIQDNSEIKVVPRRKAKIIRDYGKQMAGDDCVASRQDED*
Vif	2700	3281	ATGGAAAACAGATGGCAGGTGATGATTGTGTGGCAAGTAGACAGGATGAGGATTAGAACATGGAAAAGTTTAGTAAAACACCATATGTATGTTTCAAGGAAAGCTAAGGGATGGTTTTATAGACATCACTATGAAAGCACTCATCCGAGAATAAGTTCAGAAGTACACATCCCACTAGGGGATGCGAAATTGGTAATAACAACATATTGGGGTCTACATACAGGAGAAAGAGACTGGCATTTGGGTCAAGGAGTCTCCATAGAATGGAGGAAAAGGAGATATAGCACACAATTAGACCCTAACCTAGCAGACCAACTAATTCATCTGCATTACTTTGATTGTTTTTCAGAATCTGCTATAAGAAATGCCATATTAGGACATGTAGTTAGTCCTAGGTGTGAATATCAAGCAGGACATAACAAGGTAGGATCTCTACAGTACTTGGCACTAACAGCATTAATAAGACCAAGAAAAAAGATAAAGCCACCTTTGCCTAGTGTTACGAAACTGACAGAGGATAGATGGAACAAGCCCCAGAAGACCAAGGGCCACAAAGGGAGCCATACAATGAATGGACACTA	1	579	1	193	MENRWQVMIVWQVDRMRIRTWKSLVKHHMYVSRKAKGWFYRHHYESTHPRISSEVHIPLGDAKLVITTYWGLHTGERDWHLGQGVSIEWRKRRYSTQLDPNLADQLIHLHYFDCFSESAIRNAILGHVVSPRCEYQAGHNKVGSLQYLALTALIRPRKKIKPPLPSVTKLTEDRWNKPQKTKGHKGSHTMNGH*
Vpr	3221	3511	ATGGAACAAGCCCCAGAAGACCAAGGGCCACAAAGGGAGCCATACAATGAATGGACACTAGAACTTTTAGAGGAGCTCAAGAATGAAGCTGTTAGACATTTTCCTAGGATATGGCTCCATAGCTTGGGGCAACATATCTATGAAACTTATGGAGATACTTGGGCAGGAGTGGAAGCCATAATAAGAATTCTGCAACAACTGCTGTTTATTCATTTCAGAATTGGGTGTCAACATAGCAGAATAGGCATTCTTCGACGGAGGAGAGCAAGAAATGGAGCCAGTAGATCCTA	1	292	1	98	MEQAPEDQGPQREPYNEWTLELLEELKNEAVRHFPRIWLHSLGQHIYETYGDTWAGVEAIIRILQQLLFIHFRIGCQHSRIGILRRRRARNGASRS*
Tat1	3492	3706	ATGGAGCCAGTAGATCCTAGACTAGAGCCCTGGAAGCATCCAGGAAGTCAGCCTAGGACTGCTTGTACCAATTGCTATTGTAAAAAGTGTTGCTTTCATTGCCAAGTTTGTTTCATAACAAAAGGCTTAGGCATCTCCTATGGCAGGAAGAAGCGGAGACAGCGACGAAGAGCTCCTCAAGACAGTCAGACTCATCAAGTTTCTCTATCAAAGC	1	215	1	72	MEPVDPRLEPWKHPGSQPRTACTNCYCKKCCFHCQVCFITKGLGISYGRKKRRQRRRAPQDSQTHQVSLSKX
Rev1	3631	3706	ATGGCAGGAAGAAGCGGAGACAGCGACGAAGAGCTCCTCAAGACAGTCAGACTCATCAAGTTTCTCTATCAAAGC	1	76	1	26	MAGRSGDSDEELLKTVRLIKFLYQSX
Vpu	3723	3968	ATGCAATCTTTACAAATATTAGTAGTAGTAGCATTAGTAGTAGCAGCAATAATAGCAATAGTTGTGTGGTCCATAGTATTCATAGAATATAGGAAAATAAGAAGACAAAACAAAATAGAAAGGTTGATTGATAGAATAAGAGAAAGAGCAGAAGACAGTGGCAATGAGAGTGATGGAGATCAGGAGGAATTATCAGCACTTGTGGAAATGGGGCACGATGCTCCTTGGGATATTAATGATCTGTA	1	249	1	83	MQSLQILVVVALVVAAIIAIVVWSIVFIEYRKIRRQNKIERLIDRIRERAEDSGNESDGDQEELSALVEMGHDAPWDINDL*
gp160	3886	4380	ATGAGAGTGATGGAGATCAGGAGGAATTATCAGCACTTGTGGAAATGGGGCACGATGCTCCTTGGGATATTAATGATCTGTAAAGCTGCAGAAAATTTGTGGGTCACAGTCTATTATGGGGTACCTGTGTGGAAAGAAGCAACCACCACTCTATTTTGTGCATCAGATGCTAAAGCGTATGATACAGAGGTACATAATGTTTGGGCCACACATGCCTGTGTACCCACAGACCCCAACCCACAAGAAGTAGAATTGAAGAATGTGACAGAAAATTTTAACATGTGGAAAAATAACATGGTAGACCAAATGCATGAGGATATAATTAGTTTATGGGATCAAAGCCTAAAGCCATGTGTAAAATTAACCCCACTCTGTGTTACTTTAAATTGCACTGATTATGGGAATGATACTAACACCAATAATAGTAGTGCTACTAACCCCACTAGTAGTAGCGGGGGAATGGAGGGGAGAGGAGAAATAAAAAATTGCTCTTT	1	477	1	159	MRVMEIRRNYQHLWKWGTMLLGILMICKAAENLWVTVYYGVPVWKEATTTLFCASDAKAYDTEVHNVWATHACVPTDPNPQEVELKNVTENFNMWKNNMVDQMHEDIISLWDQSLKPCVKLTPLCVTLNCTDYGNDTNTNNSSATNPTSSSGGMEGRGEIKNCSF
gp120	3886	4380	ATGAGAGTGATGGAGATCAGGAGGAATTATCAGCACTTGTGGAAATGGGGCACGATGCTCCTTGGGATATTAATGATCTGTAAAGCTGCAGAAAATTTGTGGGTCACAGTCTATTATGGGGTACCTGTGTGGAAAGAAGCAACCACCACTCTATTTTGTGCATCAGATGCTAAAGCGTATGATACAGAGGTACATAATGTTTGGGCCACACATGCCTGTGTACCCACAGACCCCAACCCACAAGAAGTAGAATTGAAGAATGTGACAGAAAATTTTAACATGTGGAAAAATAACATGGTAGACCAAATGCATGAGGATATAATTAGTTTATGGGATCAAAGCCTAAAGCCATGTGTAAAATTAACCCCACTCTGTGTTACTTTAAATTGCACTGATTATGGGAATGATACTAACACCAATAATAGTAGTGCTACTAACCCCACTAGTAGTAGCGGGGGAATGGAGGGGAGAGGAGAAATAAAAAATTGCTCTTT	1	477	1	159	MRVMEIRRNYQHLWKWGTMLLGILMICKAAENLWVTVYYGVPVWKEATTTLFCASDAKAYDTEVHNVWATHACVPTDPNPQEVELKNVTENFNMWKNNMVDQMHEDIISLWDQSLKPCVKLTPLCVTLNCTDYGNDTNTNNSSATNPTSSSGGMEGRGEIKNCSF
Pol	1	1660	TTGACTCAGATTGGTTGCACCTTAAATTTTCCCATTAGTCCTATTGAAACTGTACCAGTAAAATTAAAGCCAGGAATGGATGGCCCAAAAGTTAAACAATGGCCATTGACAGAAGAAAAAATAAAAGCATTAGTAGAAATTTGTACAGAAATGGAAAAGGAAGGAAAAATTTCAAAAATTGGGCCTGAAAATCCATACAATACTCCAGTATTTGCCATAAAGAAAAAAGACAGTACTAAATGGAGAAAATTAGTAGATTTCAGAGAACTCAATAAGAAAACTCAAGATTTCTGGGAAGTTCAATTAGGAATACCACATCCCGCAGGGTTAAAAAAGAAGAAATCAGTAACAGTACTGGATGTGGGTGATGCATATTTTTCAGTTCCCTTAGATAAAGACTTTAGGAAGTATACTGCATTTACCATACCTAGTATAAACAATGAGACACCAGGGATTAGATATCAGTACAATGTGCTTCCACAGGGATGGAAAGGATCACCAGCAATATTCCAAAGTAGCATGACAAAAATCTTAGAGCCTTTTAAAAAACAAAATCCAGACATAGTTATCTATCAATACATGGATGATTTGTATGTAGGATCTGACTTAGAAATAGGACAGCATAGAACAAAAATAGAGGAACTGAGACAACATCTGTTGAAGTGGGGATTTACCACACCAGACAAAAAACATCAGAAAGAACCTCCATTCCTTTGGATGGGTTATGAACTCCATCCTGATAAATGGACAGTACAGCCTATAGCACTGCCAGAAAAAGATAGCTGGACTGTCAATGACATACAGAAGTTAGTGGGAAAATTGAATTGGGCAAGTCAGATTTACGCAGGGATTAAAGTAAAACAATTATGTAAACTCCTTAGGGGAACCAAAGCACTAACAGAAGTAATACCACTGACAGAAGAAGCAGAGCTAGAACTGGCAGAAAACAGGGAAATTCTAAAAGAACCAGTACATGGAGTGTATTATGACCCATCAAAAGAATTAATAGCAGAAATACAGAAGCAGGGGCCAGGCCAATGGACATATCAAATTTATCAAGAGCCATTTAAAAATCTGAAAACAGGAAAATATACAAGAATGAGGGGTGCACACACTAATGATGTAAGACAATTAACAGAGGCGGTGCAAAAAATAACCACAGAAAGCATAGTAATATGGGGAAAGACTCCTAAATTTAAACTACCCATACAAAAAGAAACATGGGAAGCATGGTGGACAGAGTATTGGCAAGCCACCTGGATTCCTGAGTGGGAGTTTGTCAATACCCCTCCCTTAGTAAAATTATGGTACCAGTTAGAGAAAGAACCCATAGTAGGAGCAGAAACTTTCTACGTAGATGGGGCAGCTAACAGGGAGACTAAATTAGGAAAAGCAGGATATGTTACTAACAGAGGAAGACAAAAGGTTGTCCCCCTAACTGACACAACAAATCAGAAGACTGAGTTACAAGCAATTCATCTAGCTTTGCAGGATTCGGGATCAGAAGTAAACATAGTAACAGACTCACAATATGCATTAGGAATCATTCAAGCACAACCAGATAAAAGTGAATCAGAGTTAGTCAGTCAAATAATAGAGCAGTTAATAAAAAAGGAAAAGGTCTACCTGGCATGGGTACCAGCACACAAAGGAATTGGA	436	2095	146	699	LTQIGCTLNFPISPIETVPVKLKPGMDGPKVKQWPLTEEKIKALVEICTEMEKEGKISKIGPENPYNTPVFAIKKKDSTKWRKLVDFRELNKKTQDFWEVQLGIPHPAGLKKKKSVTVLDVGDAYFSVPLDKDFRKYTAFTIPSINNETPGIRYQYNVLPQGWKGSPAIFQSSMTKILEPFKKQNPDIVIYQYMDDLYVGSDLEIGQHRTKIEELRQHLLKWGFTTPDKKHQKEPPFLWMGYELHPDKWTVQPIALPEKDSWTVNDIQKLVGKLNWASQIYAGIKVKQLCKLLRGTKALTEVIPLTEEAELELAENREILKEPVHGVYYDPSKELIAEIQKQGPGQWTYQIYQEPFKNLKTGKYTRMRGAHTNDVRQLTEAVQKITTESIVIWGKTPKFKLPIQKETWEAWWTEYWQATWIPEWEFVNTPPLVKLWYQLEKEPIVGAETFYVDGAANRETKLGKAGYVTNRGRQKVVPLTDTTNQKTELQAIHLALQDSGSEVNIVTDSQYALGIIQAQPDKSESELVSQIIEQLIKKEKVYLAWVPAHKGIGX
Protease	1	30	TTGACTCAGATTGGTTGCACCTTAAATTT	268	297	90	99	LTQIGCTLNF
RT	31	1350	CCCATTAGTCCTATTGAAACTGTACCAGTAAAATTAAAGCCAGGAATGGATGGCCCAAAAGTTAAACAATGGCCATTGACAGAAGAAAAAATAAAAGCATTAGTAGAAATTTGTACAGAAATGGAAAAGGAAGGAAAAATTTCAAAAATTGGGCCTGAAAATCCATACAATACTCCAGTATTTGCCATAAAGAAAAAAGACAGTACTAAATGGAGAAAATTAGTAGATTTCAGAGAACTCAATAAGAAAACTCAAGATTTCTGGGAAGTTCAATTAGGAATACCACATCCCGCAGGGTTAAAAAAGAAGAAATCAGTAACAGTACTGGATGTGGGTGATGCATATTTTTCAGTTCCCTTAGATAAAGACTTTAGGAAGTATACTGCATTTACCATACCTAGTATAAACAATGAGACACCAGGGATTAGATATCAGTACAATGTGCTTCCACAGGGATGGAAAGGATCACCAGCAATATTCCAAAGTAGCATGACAAAAATCTTAGAGCCTTTTAAAAAACAAAATCCAGACATAGTTATCTATCAATACATGGATGATTTGTATGTAGGATCTGACTTAGAAATAGGACAGCATAGAACAAAAATAGAGGAACTGAGACAACATCTGTTGAAGTGGGGATTTACCACACCAGACAAAAAACATCAGAAAGAACCTCCATTCCTTTGGATGGGTTATGAACTCCATCCTGATAAATGGACAGTACAGCCTATAGCACTGCCAGAAAAAGATAGCTGGACTGTCAATGACATACAGAAGTTAGTGGGAAAATTGAATTGGGCAAGTCAGATTTACGCAGGGATTAAAGTAAAACAATTATGTAAACTCCTTAGGGGAACCAAAGCACTAACAGAAGTAATACCACTGACAGAAGAAGCAGAGCTAGAACTGGCAGAAAACAGGGAAATTCTAAAAGAACCAGTACATGGAGTGTATTATGACCCATCAAAAGAATTAATAGCAGAAATACAGAAGCAGGGGCCAGGCCAATGGACATATCAAATTTATCAAGAGCCATTTAAAAATCTGAAAACAGGAAAATATACAAGAATGAGGGGTGCACACACTAATGATGTAAGACAATTAACAGAGGCGGTGCAAAAAATAACCACAGAAAGCATAGTAATATGGGGAAAGACTCCTAAATTTAAACTACCCATACAAAAAGAAACATGGGAAGCATGGTGGACAGAGTATTGGCAAGCCACCTGGATTCCTGAGTGGGAGTTTGTCAATACCCCTCCCTTAGTAAAATTATGGTACCAGTTAGAGAAAGAACCCATAGTAGGAGCAGAAACTTT	1	1320	1	440	PISPIETVPVKLKPGMDGPKVKQWPLTEEKIKALVEICTEMEKEGKISKIGPENPYNTPVFAIKKKDSTKWRKLVDFRELNKKTQDFWEVQLGIPHPAGLKKKKSVTVLDVGDAYFSVPLDKDFRKYTAFTIPSINNETPGIRYQYNVLPQGWKGSPAIFQSSMTKILEPFKKQNPDIVIYQYMDDLYVGSDLEIGQHRTKIEELRQHLLKWGFTTPDKKHQKEPPFLWMGYELHPDKWTVQPIALPEKDSWTVNDIQKLVGKLNWASQIYAGIKVKQLCKLLRGTKALTEVIPLTEEAELELAENREILKEPVHGVYYDPSKELIAEIQKQGPGQWTYQIYQEPFKNLKTGKYTRMRGAHTNDVRQLTEAVQKITTESIVIWGKTPKFKLPIQKETWEAWWTEYWQATWIPEWEFVNTPPLVKLWYQLEKEPIVGAETF
RNase	1351	1660	TACGTAGATGGGGCAGCTAACAGGGAGACTAAATTAGGAAAAGCAGGATATGTTACTAACAGAGGAAGACAAAAGGTTGTCCCCCTAACTGACACAACAAATCAGAAGACTGAGTTACAAGCAATTCATCTAGCTTTGCAGGATTCGGGATCAGAAGTAAACATAGTAACAGACTCACAATATGCATTAGGAATCATTCAAGCACAACCAGATAAAAGTGAATCAGAGTTAGTCAGTCAAATAATAGAGCAGTTAATAAAAAAGGAAAAGGTCTACCTGGCATGGGTACCAGCACACAAAGGAATTGGA	1	310	1	104	YVDGAANRETKLGKAGYVTNRGRQKVVPLTDTTNQKTELQAIHLALQDSGSEVNIVTDSQYALGIIQAQPDKSESELVSQIIEQLIKKEKVYLAWVPAHKGIGX
gp160	1	2100	GAAAGAAGCAACCACCACTTTATTTTGTGCATCAGATGCCAAAGCTTATGATAAGGAAGTACATAATGTTTGGGCCACACATGCCTGTGTACCCACAGACCCCGACCCAAAAGAATTACCATTGGAAAATGTGACAGAAAATTTTAACATGTGGAAAAATAACATGGTAGAACAGATGCATGAGGATATAATCAGTTTATGGGATCAAAGTCTAAAGCCATGTGTGAAATTGACCCCACTCTGTGTTACTTTAAATTGCACTGACTTCAGTAGGAATGATACTAATACCAATAATAGTAGTGGGGAAAAGATGGAGAAAGGAGAAATAAAAAATTGCTCTTTCAATATCACCACAGAAGTAAGAGATAAGATACAGAAACAATATGCACTTTTTTATAAACTTGATGTAGTACCAATAGAAAATGATAATGATAATACTAGCTATAGGTTGATAAGTTGTAACACCTCAGTCATTACACAAGCCTGTCCAAAGGTAACCTTTGAGCCAATTCCCATACATTATTGTGCTCCGGCTGGTTTTGCGATTCTAAAGTGTAAAGATAAGACGTTCAATGGAACAGGACCATGTACAAATGTCAGCACAGTACAATGTACACATGGAATTAGGCCAGTAGTATCAACTCAACTGCTGTTAAATGGCAGTCTAGCAGAAGAAGAGGTAGTAATTAGGTCTGAAAATTTCACGAACAATGCTAGAACCATAATAGTACAGCTGAGAGAAGCTGTAGAAATTAATTGTACAAGACCCAGCAACAATACAAGAAAAAGTATACATATAGGACCAGGGAGAGCATTTTATACAACAGGAAATATAATAGGAGATATAAGACAAGCACATTGTAACATTAGTAGAGGAAAATGGAATAACACTTTAAAACAGATAGTTAGCAAATTAAGAGAACAATTTGGAAATAAAACAATAGTCTTTAATCAATCCTCAGGAGGGGACCCAGAAATTGTAATGCACAGTTTTAATTGTGGAGGGGAATTTTTCTACTGTAATTCAACACAACTGTTTAATAGTACTTGGGGGGCTAATGATACTTGGACTGAGTCAAATAACAATGAAACAATCACACTCCCATGCAGAATAAAACAAATTATAAACATGTGGCAGGAAGTAGGAAAAGCAATGTATGCCCCTCCCATCGCAGGACAAATTAGATGTTCATCAAATATTACAGGGCTGCTACTAACAAGAGATGGTGGTAATAAAAACGATAGCAACGGGACCGAGATCTTCAGACCTGGAGGAGGAGATATGAGGGACAATTGGAGAAGTGAATTATATAAATATAAAGTAGTAAAAATTGAACCATTAGGAATAGCACCCACCAAGGCAAAGAGAAGAGTGGTGCAGAGAGAAAAAAGAGCAGTAGGCCTAGGAGCTATGTTCCTTGGGTTCTTGGGAGCAGCAGGAAGCACTATGGGCGCAGCGTCAATAACGCTGACGGTACAGGCCAGACAATTATTGTCTGGTATAGTGCAACAGCAGAACAATTTGCTGAGGGCTATTGAGGCGCAACAGCATCTGTTGCAACTCACAGTCTGGGGCATCAAACAGCTCCAGGCAAGAGTCCTGGCTGTGGAAAGATATCTAAAGGATCAACAGCTCCTGGGGATTTGGGGTTGCTCTGGAAAACTCATCTGCACCACTGCTGTGCCTTGGAATACTAGTTGGAGTAATAAATCTCTGGATCAAATTTGGGATAACATGACCTGGATGGAGTGGGAAAGAGAAATTGACAATTACACAAACACAATATACACCTTACTTGAAGAATCGCAGCTCCAACAGGAAAAGAATGAACAAGAATTATTGGAATTGGATAAATGGGCAAGTTTGTGGAGTTGGTTTAGCATAACACACTGGCTGTGGTATATAAAAATATTCATAATGATAGTAGGAGGCTTAATAGGTTTAAGAATAGTTTTTGCTGTACTTTCTATAGTGAAGAGAGTTAGGCAGGGATATTCACCATTGTCGTTTCAGACCCTCCTCCCAGTCCCGAGGGGACCCGACAGGCCCGAAGGAACAGAAGAAGAAGGTGGAGAGAGAGACAGAGACAGATCCATAC	135	2240	46	747	XKEATTTLFCASDAKAYDKEVHNVWATHACVPTDPDPKELPLENVTENFNMWKNNMVEQMHEDIISLWDQSLKPCVKLTPLCVTLNCTDFSRNDTNTNNSSGEKMEKGEIKNCSFNITTEVRDKIQKQYALFYKLDVVPIENDNDNTSYRLISCNTSVITQACPKVTFEPIPIHYCAPAGFAILKCKDKTFNGTGPCTNVSTVQCTHGIRPVVSTQLLLNGSLAEEEVVIRSENFTNNARTIIVQLREAVEINCTRPSNNTRKSIHIGPGRAFYTTGNIIGDIRQAHCNISRGKWNNTLKQIVSKLREQFGNKTIVFNQSSGGDPEIVMHSFNCGGEFFYCNSTQLFNSTWGANDTWTESNNNETITLPCRIKQIINMWQEVGKAMYAPPIAGQIRCSSNITGLLLTRDGGNKNDSNGTEIFRPGGGDMRDNWRSELYKYKVVKIEPLGIAPTKAKRRVVQREKRAVGLGAMFLGFLGAAGSTMGAASITLTVQARQLLSGIVQQQNNLLRAIEAQQHLLQLTVWGIKQLQARVLAVERYLKDQQLLGIWGCSGKLICTTAVPWNTSWSNKSLDQIWDNMTWMEWEREIDNYTNTIYTLLEESQLQQEKNEQELLELDKWASLWSWFSITHWLWYIKIFIMIVGGLIGLRIVFAVLSIVKRVRQGYSPLSFQTLLPVPRGPDRPEGTEEEGGERDRDRSIX
gp120	1	1393	GAAAGAAGCAACCACCACTTTATTTTGTGCATCAGATGCCAAAGCTTATGATAAGGAAGTACATAATGTTTGGGCCACACATGCCTGTGTACCCACAGACCCCGACCCAAAAGAATTACCATTGGAAAATGTGACAGAAAATTTTAACATGTGGAAAAATAACATGGTAGAACAGATGCATGAGGATATAATCAGTTTATGGGATCAAAGTCTAAAGCCATGTGTGAAATTGACCCCACTCTGTGTTACTTTAAATTGCACTGACTTCAGTAGGAATGATACTAATACCAATAATAGTAGTGGGGAAAAGATGGAGAAAGGAGAAATAAAAAATTGCTCTTTCAATATCACCACAGAAGTAAGAGATAAGATACAGAAACAATATGCACTTTTTTATAAACTTGATGTAGTACCAATAGAAAATGATAATGATAATACTAGCTATAGGTTGATAAGTTGTAACACCTCAGTCATTACACAAGCCTGTCCAAAGGTAACCTTTGAGCCAATTCCCATACATTATTGTGCTCCGGCTGGTTTTGCGATTCTAAAGTGTAAAGATAAGACGTTCAATGGAACAGGACCATGTACAAATGTCAGCACAGTACAATGTACACATGGAATTAGGCCAGTAGTATCAACTCAACTGCTGTTAAATGGCAGTCTAGCAGAAGAAGAGGTAGTAATTAGGTCTGAAAATTTCACGAACAATGCTAGAACCATAATAGTACAGCTGAGAGAAGCTGTAGAAATTAATTGTACAAGACCCAGCAACAATACAAGAAAAAGTATACATATAGGACCAGGGAGAGCATTTTATACAACAGGAAATATAATAGGAGATATAAGACAAGCACATTGTAACATTAGTAGAGGAAAATGGAATAACACTTTAAAACAGATAGTTAGCAAATTAAGAGAACAATTTGGAAATAAAACAATAGTCTTTAATCAATCCTCAGGAGGGGACCCAGAAATTGTAATGCACAGTTTTAATTGTGGAGGGGAATTTTTCTACTGTAATTCAACACAACTGTTTAATAGTACTTGGGGGGCTAATGATACTTGGACTGAGTCAAATAACAATGAAACAATCACACTCCCATGCAGAATAAAACAAATTATAAACATGTGGCAGGAAGTAGGAAAAGCAATGTATGCCCCTCCCATCGCAGGACAAATTAGATGTTCATCAAATATTACAGGGCTGCTACTAACAAGAGATGGTGGTAATAAAAACGATAGCAACGGGACCGAGATCTTCAGACCTGGAGGAGGAGATATGAGGGACAATTGGAGAAGTGAATTATATAAATATAAAGTAGTAAAAATTGAACCATTAGGAATAGCACCCACCAAGGCAAAGAGAAGAGTGGTGCAGAGAGAAAAAAG	135	1533	46	511	XKEATTTLFCASDAKAYDKEVHNVWATHACVPTDPDPKELPLENVTENFNMWKNNMVEQMHEDIISLWDQSLKPCVKLTPLCVTLNCTDFSRNDTNTNNSSGEKMEKGEIKNCSFNITTEVRDKIQKQYALFYKLDVVPIENDNDNTSYRLISCNTSVITQACPKVTFEPIPIHYCAPAGFAILKCKDKTFNGTGPCTNVSTVQCTHGIRPVVSTQLLLNGSLAEEEVVIRSENFTNNARTIIVQLREAVEINCTRPSNNTRKSIHIGPGRAFYTTGNIIGDIRQAHCNISRGKWNNTLKQIVSKLREQFGNKTIVFNQSSGGDPEIVMHSFNCGGEFFYCNSTQLFNSTWGANDTWTESNNNETITLPCRIKQIINMWQEVGKAMYAPPIAGQIRCSSNITGLLLTRDGGNKNDSNGTEIFRPGGGDMRDNWRSELYKYKVVKIEPLGIAPTKAKRRVVQREKR
gp41	1394	2100	GCAGTAGGCCTAGGAGCTATGTTCCTTGGGTTCTTGGGAGCAGCAGGAAGCACTATGGGCGCAGCGTCAATAACGCTGACGGTACAGGCCAGACAATTATTGTCTGGTATAGTGCAACAGCAGAACAATTTGCTGAGGGCTATTGAGGCGCAACAGCATCTGTTGCAACTCACAGTCTGGGGCATCAAACAGCTCCAGGCAAGAGTCCTGGCTGTGGAAAGATATCTAAAGGATCAACAGCTCCTGGGGATTTGGGGTTGCTCTGGAAAACTCATCTGCACCACTGCTGTGCCTTGGAATACTAGTTGGAGTAATAAATCTCTGGATCAAATTTGGGATAACATGACCTGGATGGAGTGGGAAAGAGAAATTGACAATTACACAAACACAATATACACCTTACTTGAAGAATCGCAGCTCCAACAGGAAAAGAATGAACAAGAATTATTGGAATTGGATAAATGGGCAAGTTTGTGGAGTTGGTTTAGCATAACACACTGGCTGTGGTATATAAAAATATTCATAATGATAGTAGGAGGCTTAATAGGTTTAAGAATAGTTTTTGCTGTACTTTCTATAGTGAAGAGAGTTAGGCAGGGATATTCACCATTGTCGTTTCAGACCCTCCTCCCAGTCCCGAGGGGACCCGACAGGCCCGAAGGAACAGAAGAAGAAGGTGGAGAGAGAGACAGAGACAGATCCATAC	1	707	1	236	AVGLGAMFLGFLGAAGSTMGAASITLTVQARQLLSGIVQQQNNLLRAIEAQQHLLQLTVWGIKQLQARVLAVERYLKDQQLLGIWGCSGKLICTTAVPWNTSWSNKSLDQIWDNMTWMEWEREIDNYTNTIYTLLEESQLQQEKNEQELLELDKWASLWSWFSITHWLWYIKIFIMIVGGLIGLRIVFAVLSIVKRVRQGYSPLSFQTLLPVPRGPDRPEGTEEEGGERDRDRSIX
Tat2	2015	2100	ACCCTCCTCCCAGTCCCGAGGGGACCCGACAGGCCCGAAGGAACAGAAGAAGAAGGTGGAGAGAGAGACAGAGACAGATCCATAC	1	86216	1	2973	XPSSQSRGDPTGPKEQKKKVERETETDPYX
Rev2	2015	2100	ACCCTCCTCCCAGTCCCGAGGGGACCCGACAGGCCCGAAGGAACAGAAGAAGAAGGTGGAGAGAGAGACAGAGACAGATCCATAC	1	8677	1	2926	XPPPSPEGTRQARRNRRRRWRERQRQIHT
